tipo,segundo,jugadores,tick_ms,memoria_mb,hilos
TICK,0.018,,0.385100,,
TICK,0.519,,0.058000,,
TICK,1.007,,0.054000,,
TICK,1.520,,0.055500,,
TICK,2.019,,0.059700,,
TICK,2.505,,0.077300,,
TICK,3.018,,0.046500,,
TICK,3.519,,0.142900,,
TICK,4.016,,0.047200,,
TICK,4.517,,0.098100,,
TICK,5.013,,0.068400,,
TICK,5.514,,0.055900,,
TICK,6.013,,0.054300,,
TICK,6.511,,0.069700,,
TICK,7.013,,0.075800,,
TICK,7.511,,0.052700,,
TICK,8.012,,0.052400,,
TICK,8.515,,0.064000,,
TICK,9.015,,0.055400,,
TICK,9.515,,0.066800,,
TICK,10.017,,0.059200,,
TICK,10.506,,0.218900,,
TICK,11.010,,0.074700,,
TICK,11.516,,0.062400,,
TICK,12.005,,0.057300,,
TICK,12.505,,0.054300,,
TICK,13.005,,0.048500,,
TICK,13.506,,0.051600,,
TICK,14.009,,0.053900,,
TICK,14.506,,0.058000,,
TICK,15.005,,0.058300,,
TICK,15.509,,0.238200,,
TICK,16.010,,0.056000,,
TICK,16.508,,0.062500,,
TICK,17.007,,0.062800,,
TICK,17.507,,0.058100,,
TICK,18.004,,0.055700,,
TICK,18.507,,0.061300,,
TICK,19.010,,0.051800,,
TICK,19.513,,0.226800,,
TICK,20.010,,0.052500,,
TICK,20.510,,0.140800,,
TICK,21.009,,0.049300,,
TICK,21.508,,0.051700,,
TICK,22.008,,0.056800,,
TICK,22.508,,0.059400,,
TICK,23.008,,0.113700,,
TICK,23.508,,0.159900,,
TICK,24.008,,0.056400,,
TICK,24.514,,0.061300,,
TICK,25.012,,0.084300,,
TICK,25.515,,0.055800,,
TICK,26.013,,0.050700,,
TICK,26.512,,0.055100,,
TICK,27.012,,0.053600,,
TICK,27.517,,0.058800,,
TICK,28.016,,0.048800,,
TICK,28.506,,0.055300,,
TICK,29.009,,0.058300,,
TICK,29.510,,0.059600,,
TICK,30.016,,0.088800,,
TICK,30.514,,0.057500,,
TICK,31.014,,0.053400,,
TICK,31.515,,0.117600,,
TICK,32.015,,0.051600,,
TICK,32.513,,0.102300,,
TICK,33.016,,0.056100,,
TICK,33.518,,0.076400,,
TICK,34.006,,0.061100,,
TICK,34.507,,0.053300,,
TICK,35.010,,0.058800,,
TICK,35.512,,0.186500,,
TICK,36.013,,0.077600,,
TICK,36.518,,0.049900,,
TICK,37.005,,0.054100,,
TICK,37.510,,0.056700,,
TICK,38.010,,0.053200,,
TICK,38.515,,0.050700,,
TICK,39.014,,0.118000,,
TICK,39.514,,0.045600,,
TICK,40.014,,0.153800,,
TICK,40.517,,0.054300,,
TICK,41.020,,0.088200,,
TICK,41.519,,0.051200,,
TICK,42.020,,0.052800,,
TICK,42.506,,0.090400,,
TICK,43.008,,0.046600,,
TICK,43.512,,0.055600,,
TICK,44.012,,0.080800,,
TICK,44.512,,0.076300,,
TICK,45.011,,0.057200,,
TICK,45.513,,0.125400,,
TICK,46.013,,0.055800,,
TICK,46.509,,0.061700,,
TICK,47.010,,0.058100,,
TICK,47.511,,0.118100,,
TICK,48.013,,0.062500,,
TICK,48.513,,0.052200,,
TICK,49.015,,0.056300,,
TICK,49.511,,0.056100,,
TICK,50.011,,0.049700,,
TICK,50.515,,0.171800,,
TICK,51.018,,0.049000,,
TICK,51.518,,0.061900,,
TICK,52.016,,0.060600,,
TICK,52.517,,0.058000,,
TICK,53.017,,0.060300,,
TICK,53.516,,0.052600,,
TICK,54.014,,0.052500,,
TICK,54.516,,0.085400,,
TICK,55.014,,0.156600,,
TICK,55.514,,0.054500,,
TICK,56.014,,0.055000,,
TICK,56.513,,0.058100,,
TICK,57.014,,0.053900,,
TICK,57.516,,0.057900,,
TICK,58.016,,0.129500,,
TICK,58.516,,0.114600,,
TICK,59.017,,0.049800,,
TICK,59.517,,0.057000,,
TICK,60.018,,0.055400,,
TICK,60.518,,0.056600,,
TICK,61.020,,0.047700,,
TICK,61.506,,0.056800,,
TICK,62.007,,0.078400,,
TICK,62.510,,0.059200,,
TICK,63.011,,0.057800,,
TICK,63.513,,0.056400,,
TICK,64.010,,0.053800,,
TICK,64.511,,0.118700,,
TICK,65.010,,0.070700,,
TICK,65.512,,0.058600,,
TICK,66.014,,0.055100,,
TICK,66.514,,0.055000,,
TICK,67.014,,0.046300,,
TICK,67.514,,0.057400,,
TICK,68.014,,0.074300,,
TICK,68.511,,0.048100,,
TICK,69.012,,0.059000,,
TICK,69.514,,0.060300,,
TICK,70.015,,0.056200,,
TICK,70.514,,0.051400,,
TICK,71.013,,0.102000,,
TICK,71.513,,0.124100,,
RECURSOS,0.519,1,,6.313,17
RECURSOS,1.520,1,,6.513,17
RECURSOS,2.505,1,,6.513,17
RECURSOS,3.519,1,,6.513,17
RECURSOS,4.517,1,,6.713,17
RECURSOS,5.515,1,,6.713,17
RECURSOS,6.512,1,,6.713,17
RECURSOS,7.511,1,,6.713,17
RECURSOS,8.515,1,,6.713,17
RECURSOS,9.515,1,,6.713,17
RECURSOS,10.507,1,,6.713,17
RECURSOS,11.516,1,,6.713,17
RECURSOS,12.505,1,,6.713,17
RECURSOS,13.506,1,,6.713,17
RECURSOS,14.507,1,,6.913,17
RECURSOS,15.509,1,,7.113,17
RECURSOS,16.509,1,,7.113,17
RECURSOS,17.507,1,,7.113,17
RECURSOS,18.508,1,,7.113,17
RECURSOS,19.513,1,,7.113,17
RECURSOS,20.510,1,,7.113,17
RECURSOS,21.508,1,,7.113,17
RECURSOS,22.508,1,,7.113,17
RECURSOS,23.508,1,,7.113,17
RECURSOS,24.514,1,,7.113,17
RECURSOS,25.515,1,,7.113,17
RECURSOS,26.512,1,,7.113,17
RECURSOS,27.517,1,,7.113,17
RECURSOS,28.507,1,,7.315,17
RECURSOS,29.510,1,,7.315,17
RECURSOS,30.514,1,,7.315,17
RECURSOS,31.515,1,,7.516,17
RECURSOS,32.513,1,,7.516,17
RECURSOS,33.518,1,,7.516,17
RECURSOS,34.507,1,,7.516,17
RECURSOS,35.512,1,,7.516,17
RECURSOS,36.519,1,,7.516,17
RECURSOS,37.510,1,,7.516,17
RECURSOS,38.515,1,,7.516,17
RECURSOS,39.514,1,,7.516,17
RECURSOS,40.518,1,,7.516,17
RECURSOS,41.519,1,,7.717,17
RECURSOS,42.506,1,,7.917,17
RECURSOS,43.513,1,,7.917,17
RECURSOS,44.512,1,,7.917,17
RECURSOS,45.514,1,,7.917,17
RECURSOS,46.509,1,,7.917,17
RECURSOS,47.512,1,,7.917,17
RECURSOS,48.513,1,,7.917,17
RECURSOS,49.511,1,,7.917,17
RECURSOS,50.515,1,,8.117,17
RECURSOS,51.518,1,,8.117,17
RECURSOS,52.517,1,,8.117,17
RECURSOS,53.516,1,,8.117,17
RECURSOS,54.516,1,,8.117,17
RECURSOS,55.514,1,,8.117,17
RECURSOS,56.513,1,,8.313,17
RECURSOS,57.516,1,,8.313,17
RECURSOS,58.516,1,,8.313,17
RECURSOS,59.517,1,,8.313,17
RECURSOS,60.518,1,,8.313,17
RECURSOS,61.506,1,,8.313,17
RECURSOS,62.510,1,,8.313,17
RECURSOS,63.513,1,,8.313,17
RECURSOS,64.511,1,,8.313,17
RECURSOS,65.512,1,,8.313,17
RECURSOS,66.514,1,,8.313,17
RECURSOS,67.514,1,,8.313,17
RECURSOS,68.511,1,,8.313,17
RECURSOS,69.514,1,,8.513,17
RECURSOS,70.515,1,,8.513,17
RECURSOS,71.513,1,,8.808,17
